{
  "hash": "9f58e799",
  "configHash": "38510a87",
  "lockfileHash": "2e0dcf00",
  "browserHash": "915dd41c",
  "optimized": {
    "@angular/core": {
      "src": "../../../../../node_modules/@angular/core/fesm2022/core.mjs",
      "file": "@angular_core.js",
      "fileHash": "2079d32b",
      "needsInterop": false
    },
    "@angular/forms": {
      "src": "../../../../../node_modules/@angular/forms/fesm2022/forms.mjs",
      "file": "@angular_forms.js",
      "fileHash": "285db245",
      "needsInterop": false
    },
    "@angular/platform-browser": {
      "src": "../../../../../node_modules/@angular/platform-browser/fesm2022/platform-browser.mjs",
      "file": "@angular_platform-browser.js",
      "fileHash": "e01b1e35",
      "needsInterop": false
    },
    "@angular/router": {
      "src": "../../../../../node_modules/@angular/router/fesm2022/router.mjs",
      "file": "@angular_router.js",
      "fileHash": "f1ae44e4",
      "needsInterop": false
    },
    "@angular/common": {
      "src": "../../../../../node_modules/@angular/common/fesm2022/common.mjs",
      "file": "@angular_common.js",
      "fileHash": "36f50ae6",
      "needsInterop": false
    }
  },
  "chunks": {
    "chunk-XSR3ZWI4": {
      "file": "chunk-XSR3ZWI4.js"
    },
    "chunk-PDERP6EP": {
      "file": "chunk-PDERP6EP.js"
    },
    "chunk-LMD6HBRU": {
      "file": "chunk-LMD6HBRU.js"
    }
  }
}